confirmed,district,town,tamil_name,aliases,service_delivered,industry_type,review_permission,notes
yes,Virudhunagar,Aruppukottai,அருப்புக்கோட்டை,Aruppukkottai,,,no,"Confirmed by owner 2026-10-02. STILL NEEDED before the page is written: service_delivered, industry_type, review_permission. Do not put client names here."
yes,Tirunelveli,Tirunelveli,திருநெல்வேலி,Nellai;Tinnevelly,,,no,"Confirmed by owner 2026-10-02. STILL NEEDED: service_delivered, industry_type, review_permission."
yes,Tenkasi,Tenkasi,தென்காசி,,,,no,"Confirmed by owner 2026-10-02. STILL NEEDED: service_delivered, industry_type, review_permission."
yes,Virudhunagar,Sivakasi,சிவகாசி,,,,no,"Confirmed by owner 2026-10-02. STILL NEEDED: service_delivered, industry_type, review_permission."
yes,Thoothukudi,Kovilpatti,கோவில்பட்டி,,,,no,"Confirmed by owner 2026-10-02. STILL NEEDED: service_delivered, industry_type, review_permission."
no,Virudhunagar,Rajapalayam,இராஜபாளையம்,,,,no,"Candidate. Set confirmed to yes only if you really have clients here."
no,Virudhunagar,Virudhunagar,விருதுநகர்,,,,no,"Candidate."
no,Virudhunagar,Sattur,சாத்தூர்,,,,no,"Candidate."
no,Virudhunagar,Srivilliputhur,ஸ்ரீவில்லிபுத்தூர்,,,,no,"Candidate."
no,Tenkasi,Sankarankovil,சங்கரன்கோவில்,,,,no,"Candidate."
no,Tenkasi,Kadayanallur,கடையநல்லூர்,,,,no,"Candidate."
no,Tenkasi,Shenkottai,செங்கோட்டை,Sengottai,,,no,"Candidate."
no,Thoothukudi,Thoothukudi,தூத்துக்குடி,Tuticorin,,,no,"Candidate."
no,Thoothukudi,Tiruchendur,திருச்செந்தூர்,,,,no,"Candidate."
no,Tirunelveli,Palayamkottai,பாளையங்கோட்டை,,,,no,"Candidate."
no,Tirunelveli,Ambasamudram,அம்பாசமுத்திரம்,,,,no,"Candidate."
no,Kanyakumari,Nagercoil,நாகர்கோவில்,,,,no,"Candidate."
no,Kanyakumari,Marthandam,மார்த்தாண்டம்,,,,no,"Candidate."
no,Madurai,Madurai,மதுரை,,,,no,"Candidate. Crowded market, later wave."
no,Sivaganga,Karaikudi,காரைக்குடி,,,,no,"Candidate."
no,Theni,Theni,தேனி,,,,no,"Candidate."
no,Dindigul,Dindigul,திண்டுக்கல்,,,,no,"Candidate."
no,Ramanathapuram,Paramakudi,பரமக்குடி,,,,no,"Candidate."
